Open,Volume
49.813286,44871300
50.316402000000004,22942800
55.168217000000006,18342800
55.4123,15319700
52.284027,9232100
52.279045,7128600
53.848164000000004,6241200
52.443428000000004,5221400
50.958991999999995,4941200
51.158245,9181600
49.409801,15190400
50.286514000000004,5176800
50.316402000000004,5875200
50.181908,5009200
51.073563,4080900
50.610302000000004,8740200
53.11591,7881300
53.524376000000004,10880300
55.07357,10763900
55.960246999999995,9310200
56.996365000000004,9517400
58.256641,10679200
59.681301,7263000
58.480801,7617100
59.198112,8576100
60.24419,9166700
59.556767,7099600
60.42351899999999,17009400
63.113434,30661400
64.707458,13823300
65.155777,15196700
67.372475,13084600
67.078575,15044200
68.51818100000001,13444900
68.204353,14182100
69.10099,11122000
68.244202,10521800
66.968987,11720800
71.392403,19860000
70.241714,10491700
72.194397,13257400
71.332626,14103000
74.968994,18195900
73.738609,22830600
71.930389,29288200
84.951584,74060200
87.870636,65773900
92.82208299999999,44781400
91.018837,26813100
92.991447,29804800
99.073647,42483600
96.41362,24541300
99.018852,22777500
98.719971,27881400
93.868156,28927200
90.650223,39814800
85.14585100000001,22467400
86.724937,22211300
85.016335,21367700
84.249214,30083200
92.26915,33617600
89.888077,23892200
88.418587,41991500
84.19442,36401600
84.827049,33383800
84.234268,17604300
81.92791700000001,24829000
83.671379,24919600
87.083588,30676400
87.57176199999999,13008700
89.843246,21413100
90.017593,15457600
90.635277,15787100
89.61410500000001,12568700
89.63900799999999,11782300
89.23054499999999,12554800
87.671387,13793200
84.856934,15140000
84.807121,15365300
86.391182,8666700
85.763535,9673200
85.180725,22259800
88.662674,23027900
88.144615,17209800
88.049965,14827600
90.660187,19742600
92.807137,11073900
91.606636,7843200
93.375008,7256200
94.22183199999999,12253900
95.696304,8322500
95.531921,5376200
96.124702,11852800
99.243011,15394400
98.331429,31807000
100.323959,27614900
96.36380799999999,16534800
97.175758,20851900
94.96405,19398200
96.886841,15135600
97.44475600000001,13969500
96.802162,16416800
97.325203,13750000
97.634041,19352700
100.109764,26443900
101.942894,22599700
95.890579,18070600
96.906769,18586100
93.99269100000001,28150400
90.63029499999999,21398200
89.300278,24708000
94.027565,13304400
94.655212,24507900
96.48336,19265200
96.827072,37819100
107.372543,65844300
102.61039,26073400
102.84949499999999,29749600
102.246758,26017900
98.112251,23045900
100.005157,34471600
95.626572,38107600
92.981483,26330200
91.08359499999999,77413400
96.43852199999999,51758800
96.986473,33188400
98.545624,20906800
98.884354,17035300
97.88311,27068400
96.289085,31288700
91.342628,51822000
94.22183199999999,20021700
92.65271800000001,15695300
94.291573,18692100
92.627808,14625500
92.717476,15274200
93.001411,13598900
93.53939100000001,17399700
94.19693000000001,16152400
91.761055,22805900
90.16703000000001,22003100
89.883095,16116700
88.832039,22376600
87.322693,20922200
88.020081,14265800
88.234276,16583100
89.071136,14233000
89.300278,15023400
90.251717,11305500
88.65271,9726200
90.01261099999999,7438100
90.500778,17541400
90.18695799999999,12994400
89.98271899999999,12518800
88.642746,13587900
90.540634,12410200
89.63900799999999,16213200
93.514488,17538800
94.266663,10544500
94.037521,19456900
96.48336,10271500
96.18447900000001,10861500
96.139648,14694000
96.37376400000001,13160700
96.274139,12351500
94.695061,23241500
91.945366,13149700
94.311501,16923100
98.919228,31018800
99.83579300000001,35636800
111.033821,66659100
108.503304,39828600
109.69882199999999,34673400
108.58798200000001,20606500
109.34016399999999,17430600
110.54066499999999,18409100
110.610405,19607900
110.51078000000001,35693600
113.190735,24257500
113.883141,15075400
113.773552,13578400
113.57429499999999,11115000
112.31401799999999,12739000
114.05748700000001,23043500
114.974052,17963300
114.162094,14886500
114.411156,11405300
114.84951799999999,15676300
116.36882,24716200
119.721252,19505800
120.154633,16388100
121.125992,42936800
128.000229,58303800
125.89312,36251100
129.992752,27194600
129.743683,24459400
134.211945,44640200
141.071228,70647100
143.82591200000002,36082800
142.859528,37705300
140.66773999999998,45220600
147.99527,48828200
145.87822,51594400
141.8284,33005300
142.959152,25488200
139.387543,25702300
138.77484099999998,20259300
136.986542,41922600
136.61792,25018100
138.979065,20946900
137.52951000000002,42206900
143.497131,30377900
144.294144,21026400
143.462265,28218100
144.90686000000002,35675500
148.891922,35739200
152.56813,38215600
150.685196,36734400
146.62043799999998,30301800
146.96911599999999,18524300
145.50460800000002,15044000
148.09491,16060500
144.154678,21424100
147.571869,14971000
147.646591,16843400
146.147202,11773700
145.708847,22961400
152.099899,21415300
150.057541,16939900
149.439865,12462100
150.485947,25337300
152.214462,28728000
156.438629,39727000
152.612976,46948800
150.630402,19389900
146.954178,19707300
148.314087,14489800
148.149704,11895500
145.524536,16789200
143.522049,11367200
145.255539,14634900
148.443604,11905500
147.223175,10512100
148.194534,11923800
146.251816,8997100
145.434875,11601800
145.10611,13809500
142.411209,15086100
141.150925,13221000
144.358902,16410600
141.908096,14271600
142.221924,7795600
137.43983500000002,23834500
139.970352,11127200
140.09489399999998,13677000
137.564377,11686900
138.266739,17250500
140.74743700000002,8785900
141.210709,7538700
140.593018,11850200
143.158401,9619800
143.576843,10105600
142.421173,5504600
142.720047,6894600
143.960403,8456100
142.411209,15055100
146.864517,13276100
148.084946,8813800
150.3116,20850700
153.92306499999998,20676900
153.78855900000002,22636000
149.20076,31048300
151.442352,15216300
149.937988,11566900
152.503387,18772000
153.629166,20315200
155.168396,26110200
155.91558799999999,17031100
159.153458,19862800
156.886948,13797600
156.523315,16054600
152.767395,11269600
156.523315,18371200
156.229416,18389200
159.377609,18357000
155.761169,16719100
156.483459,16047400
156.807251,13591300
156.070007,11186100
154.725052,17149100
152.030151,18682100
150.436127,21214500
149.390045,17102000
148.194534,15190000
151.910599,14208600
151.43238799999997,14073900
154.416214,27927600
172.254349,45956300
171.04388400000002,18934000
172.24438500000002,13808100
172.493454,17881700
177.634186,10307200
176.97166399999998,11851200
179.447388,28793200
185.235687,32834800
190.137314,21209900
190.490997,14952500
194.261856,17715900
196.812302,19254800
196.38888500000002,15854100
192.61303700000002,21012200
188.473557,18325700
196.82226599999998,14180700
195.327866,15674300
196.453644,17314400
197.360245,17455400
200.149796,18493400
200.991638,14103800
198.839706,20747600
203.561996,19263800
207.741333,20245500
212.09501600000002,9716400
214.107468,22099300
211.437485,43152600
201.375198,31310000
203.83596799999998,19562700
207.691528,15143400
207.721405,20655800
203.586899,30363900
202.321655,23419200
201.89325,17886700
206.725143,15344000
206.54083300000002,13952300
205.47981299999998,16388700
207.741333,13310400
208.772476,12136800
211.875839,32783300
215.29303,44037900
213.13113399999997,20244900
215.96551499999998,22527800
215.078827,15149600
215.268127,9224500
215.12365699999998,13455800
211.37770099999997,14289100
213.190903,13943500
207.85591100000002,15231000
210.4711,26340700
221.121185,30687300
222.16726699999998,21697600
227.58197,35646900
232.334152,25679600
231.342865,18262300
234.75508100000002,18082300
235.97551,20326400
231.288071,15370500
230.665405,16602500
222.81483500000002,41124800
224.742615,29183500
218.53089900000003,82541500
202.92936699999998,45653100
217.20088199999998,31045100
224.78744500000002,37620000
218.94932599999999,25949000
216.68780499999997,16967700
213.813568,17242100
214.481079,44297300
193.788635,54448200
201.156021,23703900
196.075058,36700500
191.935577,17947700
190.779907,33385000
183.55200200000002,41764100
184.90692099999998,23914000
180.299194,30561000
172.672775,39583300
172.02023300000002,29417800
169.997803,25990900
172.18958999999998,42790700
184.239426,28747700
182.53581200000002,17437000
182.88948100000002,13000800
182.12236000000001,25197200
187.945541,13017100
189.923126,20500900
195.865845,79170700
183.591858,24212700
181.459839,36797900
191.43246499999998,24013600
189.74379,17946300
181.828461,20835300
176.304169,23579100
177.031448,27925000
171.108643,38796000
169.828445,27386900
167.940521,37039700
174.730072,25633200
173.654099,20108400
168.767426,17167500
170.530807,20893200
174.35148600000002,19735800
169.240646,15248800
170.535797,14925000
183.621735,30474900
182.859604,14100000
185.160965,17958500
189.260605,38197500
193.868332,29533600
193.64418,73316500
194.037704,16306200
194.222015,31549100
203.337845,26921500
202.48603799999998,17261300
205.43498200000002,14104400
202.779938,18710000
207.432495,22297600
203.736343,12079000
203.552032,13154900
200.97171,16580800
203.203339,16336100
205.514679,13614100
204.737595,24634900
223.611847,45271600
218.87959300000003,17738900
218.994156,19209600
213.07135,14610100
210.665375,16738200
208.533371,14898100
208.45365900000002,20800000
199.791138,26306800
197.434967,16204800
196.777435,9338800
198.057632,12175400
196.817276,10275500
197.111176,18349600
203.392639,12420700
200.956772,17852100
191.053879,20250700
187.263092,17244500
187.29298400000002,13030700
184.613022,21367300
188.68277,11713600
185.943039,22881700
183.238174,17273200
186.40631100000002,18033200
187.970444,19179200
188.832214,16450500
191.55699199999998,7361400
188.433701,8664300
186.202072,16022300
186.072556,12603000
192.697723,12820600
187.387619,11158600
187.586884,20596400
195.885773,17889300
193.151016,20796600
195.362732,12361100
193.44491599999998,10075700
189.738815,15375500
194.18713400000001,15602200
192.58813500000002,13622100
193.823502,10648900
194.69523600000002,15323300
193.290497,8110000
194.799835,17554200
200.040207,11868000
200.62799099999998,10669400
202.615555,7129000
202.097488,8244900
201.250656,7448700
203.23323100000002,13366200
207.024017,12562800
209.235733,4329500
209.97297700000001,10008500
210.89949,7401700
212.22950699999998,12129000
210.92938199999998,8905900
208.473587,11987300
210.256912,9850100
206.227005,13900800
204.398865,15160800
201.55950900000002,11667300
204.10994,17137500
196.767471,17100800
201.385162,25171300
192.34903,23597300
195.676559,16232700
191.791122,11565300
193.37518300000002,11105200
192.96173100000001,11324400
190.28675800000002,8197700
193.27555800000002,9224900
191.835953,10967300
187.098709,14248700
181.808533,12701300
189.07132,10228500
185.056366,7923200
190.695221,11529300
190.685272,8654200
186.24191299999998,8555700
186.500946,7561200
185.056366,9973800
186.356491,13446500
191.024002,11750200
192.473557,10198400
192.433716,9941500
188.34403999999998,8076700
188.159729,8359300
188.114899,7311800
186.520874,6991000
185.843414,4951800
187.10368300000002,8359100
189.679031,8953400
188.896973,8119000
190.032715,5941900
189.783646,5365700
189.22573899999998,8179000
190.336578,7476000
188.986633,7712700
187.65661599999999,6189800
188.42373700000002,9092200
191.781158,10925100
196.837204,19609500
201.395126,10772300
202.97918700000002,15735000
204.234482,14266600
206.954285,28692800
202.78988600000002,18364000
199.40258799999998,21464200
201.733856,9333900
202.03273000000002,11517500
201.992874,10618300
202.39138799999998,11797400
201.285538,10253000
201.808578,6646500
200.1996,7331100
199.89573700000003,10970300
201.72886699999998,13373500
206.575699,11622900
204.34407,14727900
211.606842,15223300
214.97422799999998,19650500
211.716431,11312900
213.47982799999997,9724200
213.08131400000002,7272100
213.05143700000002,8671100
209.36525,10461000
210.705231,12079600
209.330383,23093200
228.63801600000002,23383000
230.276871,30322200
237.25073199999997,17385300
237.85347000000002,18443700
242.92944300000002,14116000
241.046494,13257400
236.523453,13175300
238.13740499999997,12617800
238.48609900000002,10893200
232.877121,10512500
235.233292,9852100
236.000412,10020300
237.584473,9830800
234.29679900000002,15989600
237.360321,9794900
236.005386,5614200
236.56330899999998,8716200
239.452469,14500900
245.79370099999997,16804100
246.575775,10223200
245.70404100000002,11063200
248.26942400000001,10287300
247.342896,16918100
254.53096000000002,9035100
251.308029,3478300
249.748886,14704200
239.66667200000003,15653500
246.197189,12677900
241.190964,11196700
242.08261099999999,11304900
240.598175,9836400
242.789963,8236700
242.570786,8933900
244.199677,9363500
240.07016000000002,7979500
241.554596,6551200
241.021591,8393200
241.440018,9359100
239.228317,9533300
240.418854,10420400
240.35409500000003,16093200
229.99791000000002,13223300
234.122452,8768300
231.22331200000002,13958700
227.89579799999998,8006400
227.407623,4164100
229.141129,8494600
232.68783599999998,6255700
230.18719500000003,5137500
232.129913,15470700
233.624313,15834200
240.349106,13795600
242.93441800000002,9544400
241.818604,10803000
241.310516,11981700
247.671661,14470400
250.05772400000004,8980800
252.82734700000003,15194500
250.75511200000003,13448300
246.33667000000003,11908400
243.07888799999998,9993800
245.330444,10849100
239.49729900000003,9365900
241.32046499999998,12164000
249.564575,12784700
244.54837,11034100
248.070175,9587100
246.077637,8392200
247.31799300000003,24503600
252.055237,31434700
240.4039,12620000
237.858444,14467800
233.17599500000003,10683600
236.025314,8270400
233.151093,8183900
234.944366,9753600
229.479858,11552100
228.717712,8155600
229.141129,11440200
232.129913,8115000
230.53588900000003,12400200
233.360306,8165600
234.04275499999997,11323400
238.451233,11530700
236.98671000000002,7794200
235.53216600000002,7969500
226.650452,18695300
224.36402900000002,16124700
220.50848399999998,17435400
221.72392299999998,13216400
217.694031,12757800
222.899521,15123800
230.48109399999998,13117100
228.752579,10765700
228.14485200000001,9992600
225.440002,6956700
224.21458399999997,12802300
220.78742999999997,16093800
223.093796,7917800
221.99292000000003,11360600
220.797394,10434200
222.06265299999998,6868600
221.818573,11639900
226.95431499999998,11403900
229.863419,8253300
229.4151,9455800
230.9095,7510300
230.07263199999997,9217500
231.407623,8006800
230.18719500000003,6785600
228.02529900000002,6922700
231.158554,13052300
235.188461,7585800
234.77002000000002,5451900
235.606888,6147100
232.672882,5980800
232.15980499999998,7652500
231.133652,5436000
233.35034199999998,5610400
233.355331,10193800
236.01535,6444200
234.750092,11383400
236.364044,22101700
244.344131,24414100
239.15359500000002,11391600
238.41137700000002,7417000
239.103775,7963300
238.157333,8280600
239.138657,5873200
238.68037400000003,7309600
235.213364,7343800
233.44996600000002,6148300
232.23950200000002,7215200
234.18222000000003,7929500
235.188461,6062700
232.19467200000003,5831900
232.204636,7808800
232.64798,7400100
230.052704,5910100
231.87089500000002,7774300
230.11746200000002,8268800
230.13738999999998,13157500
235.34785499999998,9356100
235.133667,7419400
233.88833599999998,12364700
235.616852,7706700
239.512253,10158300
236.68783599999998,8378400
238.954346,10736900
241.594452,10475000
241.345383,14545800
249.345398,17915400
249.564575,9633800
248.02534500000002,14255200
253.923233,20972400
257.41015600000003,15832400
258.90457200000003,21340600
257.1362,12764000
256.05026200000003,9330100
253.405182,12887000
252.598206,14120600
251.74639900000003,9277000
253.146149,12394400
252.14489700000001,9707900
256.04528799999997,8743200
257.514771,8708800
254.535934,8852400
257.245789,14461300
263.502319,15909300
265.370331,11421500
261.519745,12292000
261.459991,8368000
262.02786299999997,7790200
261.763855,7001200
264.538452,3757500
266.780029,9922700
269.61441,5514400
270.486145,7487500
270.879669,7740800
270.790009,6643300
271.910797,6908900
272.93197599999996,10513300
274.122528,13248300
276.483673,8689500
275.910828,12205500
275.696625,22337700
254.994217,35677700
258.53595,12761000
253.69906600000002,11185900
257.524719,11131400
253.42012000000003,13818300
253.315506,11059400
255.502319,7956200
259.143677,8572900
254.296829,8889500
255.90081800000002,6333400
254.07267799999997,6376100
250.56083700000002,7330300
253.923233,8560500
258.700317,8168000
259.427612,9729200
254.13743599999998,11794300
258.799957,6382300
256.89709500000004,7294500
253.54963700000002,10859500
245.091339,17355900
247.79121400000002,10999800
250.29183999999998,5414700
248.53842200000003,7248200
254.027847,6529700
257.03656,6176400
255.3479,4963800
256.254486,4667500
254.809906,6572200
252.971802,5117600
255.22335800000002,5323200
255.59197999999998,5977400
256.54840099999996,7415000
260.722748,6650600
263.69162,7278900
257.963104,7354600
259.666718,6475700
257.52972400000004,5427400
259.293091,5994300
261.051514,3796200
260.623108,5550400
262.28189100000003,4411300
262.27691699999997,8462900
268.628113,11095100
272.478668,11091300
277.131256,16083400
279.45254500000004,10633600
280.94693,5481600
284.134979,6717100
284.79751600000003,4128000
282.441345,5298700
283.92080699999997,9457800
290.600769,14187900
292.030396,7788000
291.45257599999997,5995700
292.458801,10175300
296.389069,10093600
306.406525,17601200
309.519836,10811500
315.636902,23686300
310.824951,13698500
318.042908,13939500
308.09021,12095700
314.04788199999996,12106100
316.518616,24670400
326.057861,31696200
318.142517,13378700
329.39035,13638200
335.098969,14863800
338.072815,11634300
335.7565,6732900
337.619507,6155500
337.48999,13852900
349.03671299999996,13805000
350.082794,13103200
353.928375,11726700
352.174957,17833900
367.402893,16935700
369.181213,16608900
365.928406,33148100
336.628235,22861400
327.641907,20531200
321.29071,16954000
335.382904,16249900
318.092712,13987500
315.786346,18153300
313.61947599999996,11096100
317.051605,19754800
320.683014,14079500
333.749023,5497800
338.829987,13631000
336.14007599999997,17875700
339.78140299999995,15892300
344.085297,12462500
354.172485,15850000
344.214813,8682500
337.888519,8495200
345.071594,8450700
347.597107,9854700
356.160034,7733000
356.658173,7741200
358.62579300000004,12324100
355.66687,12364300
346.854889,10119300
342.471344,7374400
342.71542400000004,11013000
335.821259,14387000
335.846161,8875300
341.63446,8877500
347.636963,10804200
346.197357,3268900
348.189911,5078900
352.214813,5906900
351.148804,5144500
347.980682,4770100
345.141327,8646000
341.350525,6529300
338.575928,10759700
325.749023,12854700
325.28076200000004,10718100
313.84362799999997,13529800
321.30069,12715800
320.149994,9991200
324.354248,8928200
321.744019,11178100
313.310638,21199100
309.220978,16495100
303.044128,17143100
279.965607,19074200
279.308075,34058500
278.356659,18872200
294.800018,13984100
284.41891499999997,11676900
279.188538,12613000
273.56958,15938600
268.498596,29854000
263.3479,35332900
253.58450299999998,26412800
243.801178,22490500
254.615631,15329900
247.502304,15917100
253.753876,13708900
259.288116,11695600
260.717773,13374500
260.27441400000004,13299000
268.16983,13001800
263.168579,10519400
266.47119100000003,12748400
250.81488,13374300
255.467438,11398100
250.09259,11073100
252.03033399999998,16808300
229.73887599999998,46749000
229.20588700000002,20319600
234.371521,13223100
235.05395499999997,18921400
234.874634,15165600
224.63302599999997,27345400
221.79365499999997,14928800
223.009109,14996100
213.639221,16204000
213.614319,16035000
211.835983,17719900
219.18344100000002,13353600
215.52714500000002,15511000
220.66290299999997,13198000
213.195892,15835400
213.689041,14528500
219.7314,12404200
212.86213700000002,19901000
218.39639300000002,13577600
227.87587000000002,11706800
225.44995099999997,10490500
222.16726699999998,11708000
222.894531,8785100
217.00660699999997,8926000
223.03401200000002,12231700
234.07263199999997,12042800
230.002899,13607500
227.65170299999997,11838500
237.62432900000002,11931400
235.63678,9127900
233.689072,12141400
231.611862,10182700
231.168518,8370600
227.726425,7713900
228.20961,9189400
221.370255,15318500
226.964279,26806000
266.605682,36607800
268.687897,14935000
267.781281,15936400
277.928253,9879800
274.615662,8301100
273.48492400000003,8359900
271.920776,8047200
274.386536,8724400
280.055298,15865200
288.075226,13255000
298.127533,14049900
298.31185899999997,12609000
294.39651499999997,9293200
294.032898,13275500
292.005493,10284100
288.418945,9003300
286.30188,9764200
292.02044700000005,10365600
292.149963,8784300
288.418945,8717800
289.62939500000005,8580100
288.19476299999997,11251000
286.242096,6652000
288.17984,12984600
274.944427,10190600
272.458771,8896100
271.462494,7759900
282.90957599999996,8131100
286.32180800000003,9726200
290.645599,6474500
290.162415,7375800
287.173615,8642800
281.609467,6751500
287.46252400000003,7862700
288.79254199999997,9504400
282.96936,10616100
273.75390600000003,7342200
277.081421,7654300
273.355408,11024200
279.696625,12415000
282.192261,7112000
287.098877,6951700
281.200989,6787600
276.638092,11408700
277.450043,12010900
271.661743,7298900
271.55215499999997,9380100
271.467468,8275200
271.034088,11361400
262.854767,10935700
265.240814,7558700
258.819885,9956900
267.253265,8477600
264.44879199999997,4818900
270.137451,8542200
271.975555,9901700
274.351654,8339100
271.48242200000004,8695800
267.248291,10000000
268.493622,8882700
257.176056,12187400
256.060211,9519800
266.082672,17640500
248.24452200000002,22669300
239.542145,11847200
232.488571,9418000
239.905777,9824800
247.42259199999998,7108200
242.33667000000003,6390700
245.12620499999997,6343600
238.75508100000002,5626600
241.84350600000002,7007400
236.393936,5751600
235.37277200000003,6038300
233.185959,4992500
232.92195099999998,7195800
238.29182400000002,6776800
240.100052,5568300
239.17849700000002,7506500
245.315491,8510300
250.062698,5532000
249.86344900000003,7278100
247.92073100000002,5859000
252.548386,7117800
253.968063,6692700
244.29930099999999,6115700
246.43629500000003,7993900
240.55833399999997,7054500
244.83230600000002,4611500
242.147369,4043600
240.82731600000002,6641100
235.980484,8807000
235.362808,6082000
233.997925,7725100
237.49481200000002,12268700
233.48982200000003,8661500
229.141129,9733200
221.913208,9102500
225.166016,18103300
210.794891,14513300
211.44245899999999,12500200
203.412567,12991200
214.30174300000002,12101100
211.20834399999998,13183900
212.184677,14033700
218.42131,18322100
210.530884,17243100
229.639252,20086900
226.21708700000002,8847600
215.816071,10447400
214.36650099999997,8515700
218.600632,10078100
213.200867,10624500
208.971725,21606400
197.250656,6195600
204.80732700000002,12516200
204.129868,12014500
197.933105,16045600
186.291733,22525200
185.967941,22191600
164.463547,23741400
171.616745,16210400
155.995285,21274900
177.230698,17877700
196.030228,15627800
176.662827,13493100
165.758698,32601000
188.77243,28605100
189.165955,13557400
185.499695,11607200
177.828461,13169100
176.16468799999998,13006300
162.625443,14773100
166.779861,12447800
168.891953,16271500
182.212021,19586300
183.542038,16037600
177.415009,14902200
178.12236000000001,11953600
176.06008899999998,14754700
180.398819,13944900
169.350235,17213800
165.938019,9397600
163.387589,16220700
153.768631,20369100
150.461029,20177500
145.340225,26568500
151.05879199999998,19105500
150.93426499999998,15144000
150.221924,16754600
147.143463,15727800
136.931747,19632000
130.76486200000002,20565700
134.127258,20184700
133.838348,21623100
139.61668400000002,12760800
144.747452,5150200
142.804733,11465100
134.361374,11723000
134.42115800000002,11853800
137.748688,9809700
135.003967,13091200
144.453552,16349500
148.289169,13831300
154.042618,10513100
151.517075,12404600
147.302872,11487000
156.418701,13526200
156.672745,14172100
158.725067,11622700
157.758682,9562600
154.91433700000002,11267200
153.703873,7864500
149.654053,7583600
150.17709399999998,3857300
151.46726999999998,3932800
149.549454,7431500
149.83836399999998,7715700
151.532028,5795100
153.723801,7248000
159.90065,9814500
165.868286,12898500
163.546982,9022600
158.54573100000002,7228300
163.138519,8713400
157.56440700000002,6633300
155.302887,8898100
154.421188,10976700
148.229401,11913400
151.94049099999998,10487900
149.011475,10134100
143.636612,9885800
148.463516,16595900
154.057556,21545900
161.818466,9255900
162.615479,9891400
168.358948,15440300
171.626694,14622100
171.701416,9378900
166.52084399999998,10452800
170.645386,13162100
169.40004,13685800
169.81848100000002,14583200
177.564438,14128800
184.946777,9991800
187.287994,14260600
178.804794,10502300
175.920609,11142200
180.418747,8324300
172.608017,11403300
172.97166399999998,12094100
178.067566,10014700
168.393814,12480700
172.852112,10481200
164.891937,12237400
170.436157,12926300
172.334045,11253200
165.853348,10880500
166.042633,11620300
164.418716,13098400
160.976624,15695300
157.649094,13108600
153.03637700000002,14522500
149.429901,12991000
148.56813,13510700
154.471008,11891500
158.177109,10085800
162.441132,7842000
162.386337,9930500
159.492188,9460300
166.779861,10061900
165.220718,8253100
164.53329499999998,9511200
166.157196,8574900
172.60304299999999,7668500
174.545761,8705000
175.905655,12051500
174.34651200000002,6670400
170.635422,6211300
173.81350700000002,7337900
171.248123,6627100
180.976654,9009500
181.569427,7607900
182.814758,6585100
180.622986,7387700
181.071304,5551000
184.060104,6790400
184.97168,6123000
187.766205,6882800
182.864578,9898300
190.037689,20446400
192.289246,21541900
192.354004,8890900
187.382645,7418400
190.16223100000002,7029800
193.031464,5237500
192.304199,6796100
191.452393,4598200
191.158493,5909100
192.264343,7247000
197.141068,8744000
196.777435,4873500
198.341568,6430000
199.243195,4819500
202.635468,5285400
201.295502,6021900
200.67283600000002,7759100
200.647919,5137700
204.23945600000002,7609900
196.309189,5706800
193.674057,5895900
194.819763,6039900
196.62799099999998,6728500
197.310425,5696100
200.29425,4585000
197.410065,5459900
197.58938600000002,3450000
195.243179,6232200
202.062622,6091200
203.57695,5357500
205.285538,5316100
208.583176,6669600
212.329132,5266800
212.204605,7092000
216.837234,7303300
221.70399500000002,7389100
218.929398,6220500
218.471115,6534100
217.30050699999998,6742900
215.078827,5751800
212.632996,5858600
209.963013,7501700
208.87210100000001,6122100
207.317917,7006200
207.063873,6193400
208.324142,8550100
207.696503,8279600
202.56573500000002,5820800
203.606827,4934000
202.740082,6111700
206.06761200000003,6537800
212.204605,4354800
211.20834399999998,5207100
211.30796800000002,4638900
206.929382,5054000
202.49101299999998,4542100
203.35775800000002,6543000
199.253143,6908100
202.301727,6575700
204.02526899999998,5875000
207.307953,8121600
211.063873,5813200
214.027771,7582200
217.52465800000002,13158100
215.69152799999998,13759500
214.13736,6330600
214.665375,5958600
213.200867,5192700
213.53959700000001,6982400
217.091293,7280900
222.18719500000003,5027500
219.676605,5083900
217.79862999999997,3988800
220.478592,6421000
224.149826,5742200
223.53215,5199900
223.84597799999997,4797400
227.14858999999998,4701400
226.301758,4237600
226.98420699999997,5105100
226.7202,3496900
225.987946,3437800
226.854691,4700200
230.21211200000002,4005200
230.525925,3362700
224.906998,5260000
221.718948,4719800
219.173477,4526800
225.15606699999998,8027600
231.90077200000002,7147600
232.802399,4925100
233.689072,4699400
235.49729900000003,3990400
233.4151,4012600
233.75383,3556400
229.036514,3930400
228.98172000000002,5209100
227.058929,3623100
227.058929,3304600
227.930664,3009500
231.27810699999998,5333300
228.672882,4407100
232.45370499999999,5088100
234.321701,3820000
234.376495,3966100
236.65296899999998,4814000
239.00415,5189900
244.36904900000002,8999700
247.45747400000002,6591500
242.959335,4248600
249.524719,6105100
249.45498700000002,5428600
249.30056800000003,5074000
246.222092,4114400
246.49607799999998,3692300
248.832321,4214000
249.066437,6306800
245.57951400000002,5647400
240.966797,5221000
242.91449,4305100
244.931931,5485000
248.568298,9784800
258.814911,8639800
257.360352,5496600
260.73269700000003,6669200
261.215912,6097400
265.23584,6541200
265.878418,12246500
272.64306600000003,17749900
275.31304900000003,6459800
274.790009,8117600
273.928253,7368600
273.97308300000003,4690400
276.58828700000004,4803200
276.83734100000004,5963000
274.456268,6457000
272.91204799999997,5154800
270.49111899999997,5064000
273.97308300000003,6962900
267.537201,6428200
264.015411,4778100
269.39025899999996,4682800
270.730225,3709100
272.83734100000004,3667000
276.687897,5319500
280.314301,4478200
284.17483500000003,4656700
283.716553,3786600
283.582062,3346000
286.42639199999996,4414700
286.361633,3847700
287.24832200000003,3110700
285.81369,4352200
283.686676,4027400
287.16861,5114000
290.17236299999996,3222400
292.11010699999997,2933300
284.932007,2779500
289.230896,3463000
292.966888,4657900
294.39651499999997,3338800
293.42019700000003,2868000
295.402771,5046000
291.014221,3284500
290.660522,3059300
292.653076,3575200
294.11758399999997,3349000
296.229645,3452800
296.563416,3841100
295.542236,4577800
298.182343,5639800
297.106384,5297300
296.90213,7089400
297.68917799999997,5161600
299.547211,3775600
300.623199,4160800
305.320587,1723800
309.669281,3408400
311.203522,2860200
308.09518399999996,2942100
311.208527,2448700
312.304413,3927000
312.418976,6031900
311.761444,7987100
303.562164,12876600
294.894653,9483900
301.10141,14479800
297.709106,9742900
287.16861,13041800
290.859772,8511900
295.562164,10909600
289.51483199999996,8665700
291.89590499999997,6525700
290.630646,12662600
281.196014,13651700
272.274445,8872800
267.98053,8743600
269.62439,7958400
271.228363,6482300
268.239563,8311900
266.301849,4518400
266.481171,8223000
263.3479,6020500
267.497345,6780600
263.213409,6335600
265.255768,5408700
268.762604,5660200
266.037811,5369000
265.664215,4838000
265.489868,4576400
267.432587,7336100
269.988007,4074500
267.76635699999997,4691200
269.255768,5125300
272.653015,4305100
270.486145,5766600
265.992981,4670500
262.575806,6643100
262.72525,4113800
263.611908,4492500
266.740204,8746200
270.16735800000004,6201800
272.229614,6391300
279.626892,7853700
281.33547999999996,4790600
278.8797,6376900
280.82739300000003,11352100
286.0578,8498200
292.971863,5527400
282.281952,9342600
279.865997,6888600
283.08892799999995,6668000
281.30560299999996,3567600
278.954407,9624200
277.016663,8039600
277.47995,11043800
271.73645,13179500
278.466248,7891200
281.57955899999996,5412500
280.448822,6232200
280.364136,3970500
281.469971,6084200
284.608215,4221100
284.384064,3817200
283.666748,4135600
282.59078999999997,5181200
280.608215,3909500
282.685425,4128600
282.61569199999997,4722400
285.196014,7853900
293.92828399999996,6830900
294.97934,13574200
280.448822,24562600
273.350403,7817100
276.050293,5977000
277.19101,4800800
274.96936,6585900
272.60321,4194300
271.467468,8770300
263.487396,7718100
265.056488,6837700
265.689117,6140700
264.57330299999995,4888900
262.266968,3729500
262.27691699999997,12198000
249.554611,9198600
253.42509500000003,10037600
249.051498,10216000
256.02536000000003,8286800
256.872192,6670000
255.063965,7732400
257.28564500000005,6676400
253.933197,8262800
252.443771,5608400
254.04776,5672100
247.20341499999998,6917100
241.629318,9863400
233.654205,19454100
239.46742200000003,8723600
233.20091200000002,6057300
240.13491800000003,6977200
241.56953399999998,5639200
245.44999700000002,5811200
239.31797799999998,5353500
242.43130499999998,5100500
246.630569,7328700
248.92695600000002,7869900
248.59819,7292500
243.01413,5390200
242.700302,5478300
239.288086,5175000
240.349106,3576600
246.316742,4096000
240.638031,8551100
247.15858500000002,4595600
250.78500400000001,3969300
250.316757,5767200
249.016632,5989200
244.035294,4456000
242.535919,4073300
238.93441800000002,3801300
237.639267,4507100
235.412613,3537700
230.854706,7030400
226.630539,7233400
221.813583,7053500
219.985443,3886400
221.17099,5139300
218.33662400000003,6282800
225.92816200000001,5357700
235.09878500000002,8695400
235.30302400000002,6693700
240.224579,7982300
244.02532999999997,6259300
244.94688399999998,9752800
233.684097,15708200
229.64424100000002,9134700
229.654205,8139300
241.09631299999998,6583700
240.712753,4311400
239.487335,4545700
243.63180499999999,4005200
244.374023,4920700
246.545883,5010600
242.06767299999998,5371000
238.92942799999997,4304100
243.582001,3731300
244.334183,3618100
245.171036,7653500
252.00044300000002,4858900
251.756363,6663800
250.18724100000003,3758300
250.23704500000002,4163400
247.935669,4462600
241.06642200000002,4425700
243.586975,3883800
240.93690499999997,2619700
243.352859,3795400
244.304291,5392800
239.606888,7879300
233.11123700000002,7864500
229.888321,5994700
227.99542200000002,5546000
224.15979,5203500
227.17848199999997,3567200
225.435013,4642100
228.717712,2471900
224.21458399999997,3908100
226.64050299999997,6480700
230.555817,3380900
234.381485,5099700
231.382721,3432500
231.726425,4821600
238.022827,4879300
238.61561600000002,3963300
239.55209399999998,4499700
240.10502599999998,4449500
239.078873,4823600
239.078873,3953700
240.971771,11325400
245.330444,8840000
253.888367,8966000
255.472427,5093100
256.344147,4652100
259.895844,6738900
263.43756099999996,6238000
265.743927,7336700
262.93945299999996,4360600
263.59198,6512400
264.010437,4466600
261.494843,3895400
263.203461,7040400
268.623138,5545200
267.103821,4809400
265.39025899999996,5739800
268.234589,5272200
269.051514,7535300
272.478668,6134000
271.073944,13317800
298.516083,29760600
299.153687,14249500
303.288208,9210100
302.93453999999997,7076500
304.61322,5862800
304.817474,4529100
306.64563,6340400
305.405273,5044600
306.735291,4500500
308.867279,4384900
307.38284300000004,4573600
306.71536299999997,6197200
308.179871,4010000
307.597046,6786200
311.153717,7168300
310.426453,3544600
310.844879,4218300
313.8237,4491000
309.87851,5012600
308.692932,4540100
305.848602,6811300
300.413971,6983800
295.273254,6639500
291.40774500000003,4903200
293.400269,5199300
297.385315,4612100
292.638123,4389500
292.408966,4341300
292.558411,4810600
294.127533,2632000
293.48495499999996,5740800
286.087677,14288100
280.448822,7536300
283.26825,5114800
283.66177400000004,5282000
289.200989,4203200
294.531036,6107100
294.87973,3526900
295.831146,3751700
295.46252400000003,3422100
297.445099,4814800
297.43014500000004,3298800
295.99054,4351600
295.318085,3205600
294.39651499999997,6197200
296.214722,3961300
298.167389,3773000
300.872253,2424000
301.539764,2229900
300.244598,2425200
299.900909,2137500
299.875977,2046000
297.883453,1986300
297.25579799999997,3090000
297.126312,4748100
301.67922999999996,3662600
298.914581,5083500
304.19979900000004,4131000
306.805023,4218100
306.252106,3170100
307.70166,2889300
308.51858500000003,3277500
307.333038,2677900
307.54724100000004,4748900
311.86105299999997,7261000
319.861084,6837700
314.924591,11012600
318.595825,17875500
302.650604,9232700
302.96441699999997,7320800
309.006775,4091400
307.791321,4053400
308.37912,8493800
300.673004,5630800
301.116333,5511000
304.359192,3534500
303.60202000000004,3001300
303.93576,3113200
303.940765,3612500
306.316864,3402400
307.283234,3698700
305.80377200000004,4686200
305.74899300000004,5199100
310.506134,4271800
312.48870800000003,4199500
311.646881,3380500
309.465057,2968600
311.831177,6459800
308.85733,7307000
304.02545200000003,5800700
304.553467,5443700
304.78756699999997,3879200
303.86105299999997,4580000
307.736542,6671200
298.78009,4068500
302.0578,3905000
303.029175,6044500
299.153687,6951300
295.35794100000004,4586800
294.39651499999997,4318100
291.626923,6279500
288.030396,6086600
285.33050499999996,5653200
277.709076,8041200
282.944458,7625300
281.186035,5820200
281.26574700000003,6621800
284.045319,6064400
287.557159,3787800
286.521057,3645900
291.621918,4213000
292.344208,5738200
289.948212,4453300
286.92453,3221600
291.098877,2855200
290.411469,4073900
293.28070099999997,5245900
295.392792,4124300
289.455048,12140200
285.021667,5356500
286.79003900000004,5081900
291.352936,3817800
287.02417,3730300
286.42639199999996,4186700
286.68045,4154200
286.521057,10953400
271.626862,28192500
262.22711200000003,10117300
263.985504,5388200
261.968079,6142900
262.76010099999996,4958600
261.644287,3273700
262.27691699999997,7026100
267.99548300000004,4613900
268.02536000000003,4014800
268.99176,8488600
271.831116,4283300
267.562103,4178500
266.585785,4249800
265.933228,4010400
268.070221,4127600
266.501099,3911900
268.99176,4101000
269.06149300000004,4695000
266.620636,2907300
266.306824,4233100
262.172302,5938500
256.752625,6631900
263.781281,3921000
265.370331,4955800
264.907074,4652300
257.33544900000004,4617100
259.213409,3814100
257.699066,2612900
257.883392,4252800
258.27194199999997,3504500
261.519745,5394600
263.034088,5933900
262.799957,4425500
260.02536000000003,3510000
260.79247999999995,3898600
260.46868900000004,3829400
257.300568,3319100
259.029083,3390700
256.08013900000003,4898000
254.04776,4872700
253.126221,4700400
251.572052,4162000
250.46618700000002,5534600
252.14489700000001,10530000
241.594452,6079800
242.68534900000003,5551400
244.807404,4832200
240.16481000000002,9639300
239.44250499999998,7639700
236.11498999999998,6915100
241.106277,5450500
247.342896,4703400
250.05772400000004,4874900
252.423859,7300500
261.669189,7727100
265.753876,5411300
269.48989900000004,7900400
265.479919,9576100
263.103821,5699800
263.09387200000003,5703600
267.497345,5601200
268.553406,13348700
297.63439900000003,27567000
295.138733,8970000
296.95694,5957200
299.965668,4472200
295.90588399999996,6964900
301.564667,7082700
305.53479,6286600
307.871033,4703200
307.43765299999995,7898200
301.465027,6240000
300.98681600000003,8305700
304.468781,7961800
301.86852999999996,6425100
296.025421,7680000
296.13998399999997,9866000
290.182312,11902500
280.438843,15049300
279.45254500000004,12987800
279.641846,10779400
275.875946,9697300
283.686676,6332200
275.681671,14343200
275.183533,13930700
269.006683,8188700
260.757629,12628400
248.737671,10860500
251.058975,9848500
250.809906,8726000
258.69534300000004,7215800
264.199707,6610500
259.024109,7219400
266.281921,4689000
268.090118,6000300
271.35290499999996,5406700
269.365356,4849000
261.255737,4820300
254.44627400000002,5451900
264.234589,5532200
265.90332,4778700
264.707825,6562000
258.012909,5360700
265.006683,4726000
265.300598,5408900
266.75015299999995,5943700
271.38278199999996,7095000
269.166107,4955200
273.674194,5578900
272.822388,5047400
262.142426,8833500
257.315521,5575300
262.64056400000004,5288000
268.095123,6044300
269.738953,4543500
267.019135,5834900
259.133698,5467500
253.973053,8982200
244.100052,8348700
247.24824500000003,9102100
252.80242900000002,6874200
257.450012,5733100
261.60943599999996,4661700
265.733978,5728100
273.041565,6379300
273.988037,11417700
298.615723,17123600
290.770111,8046400
289.01171899999997,7630000
292.573364,5884900
289.863525,6783200
293.65429700000004,6807300
292.264526,6879400
295.442596,5099900
293.674225,5767600
298.09268199999997,7588800
296.149963,5034700
296.433899,5134700
288.966888,6273500
291.35791,4257600
292.403992,5359500
295.64187599999997,5690700
295.552185,6739900
303.362915,6081400
301.00177,7449700
301.83364900000004,5758200
299.527313,7983700
302.864777,6401200
305.255829,5372000
304.897156,5236500
303.885956,7012700
299.875977,6599900
292.782593,6025000
288.91705299999995,4828600
286.60073900000003,4668900
281.539734,3136400
288.603241,5678900
292.842346,3677200
297.858551,6819300
298.87973,7268300
307.372894,8201900
312.648132,6418800
310.331787,4670300
309.67926,4531500
309.36044300000003,4844200
307.84612999999996,5553100
309.77887000000004,4384100
313.206024,8086500
309.763916,7836600
310.097687,4835200
310.994324,8952000
312.832428,4302900
312.827454,4794200
313.82870499999996,5014400
312.802551,3658200
314.819977,2918200
314.844879,3224800
320.174896,4270200
319.547272,3162500
319.811279,3577800
325.250885,7380500
331.27331499999997,5749400
329.828735,6590300
328.34429900000003,5405900
322.042908,11688800
313.699188,8824000
310.585846,4817800
314.431427,3764400
311.960693,4631800
314.810028,3832800
312.144989,5544000
319.298187,12657800
294.162415,21231800
291.905853,6851300
292.065277,6134400
287.676727,10012700
284.92202799999995,6476500
284.32428,7262000
287.94570899999997,4678400
290.411469,4300700
291.377838,4658700
291.342987,4847400
294.227173,6360700
296.394043,7386700
302.441376,4199700
303.18359399999997,3686400
304.867279,4546300
302.805023,4667700
304.11010699999997,3646100
304.628174,3620900
305.320587,4869900
300.284454,5080700
301.355438,4916400
300.807495,4980100
304.837402,3948700
302.366669,4125300
302.541016,3885600
302.162415,3641300
303.86105299999997,5716400
308.144989,6297200
309.96817000000004,4492000
309.838654,3158300
309.05658,3198400
302.889709,6372500
303.387817,2538400
303.880981,2700900
302.839874,5361100
298.87973,3350400
303.238403,4508300
306.351715,5895700
307.148743,4888300
309.285736,6123800
310.396545,4361800
314.28198199999997,3092400
316.120117,4957600
318.057831,4838400
322.092712,3894800
321.295715,3651900
322.306915,4029400
324.797577,5096700
325.49993900000004,3862900
324.658112,4638700
319.188599,4585400
321.49993900000004,4105000
318.03292799999997,3267300
314.93951400000003,4654700
313.066559,4381600
315.577148,4982500
315.8013,4414300
319.97564700000004,11556300
322.565948,16379700
310.336792,11426700
303.143738,6070400
302.889709,5358900
301.714111,6613800
300.996796,6139700
295.342987,4411900
298.003021,3872600
300.872253,3655800
304.314362,4200600
306.361694,3284900
305.350464,4832600
300.76763900000003,4019600
299.47747799999996,3235000
303.67175299999997,3749900
301.82867400000003,4431300
296.389069,4003800
301.63439900000003,5374600
302.276978,4675000
305.33554100000003,3083200
304.0354,4214400
299.26828,3662400
301.544739,4219900
307.826202,9706300
315.731567,6732700
311.382874,11991700
299.133759,6173800
305.574646,6126600
299.70162999999997,6379900
303.442627,3796600
299.377869,7190500
296.79254199999997,5230900
292.981842,3827600
293.260773,5958800
284.82739300000003,6138700
284.045319,4883500
286.650574,4697200
287.163635,4207200
292.702881,3530100
286.849823,2831300
291.014221,5342100
283.821167,6472500
279.811188,3923000
279.60199,4707200
279.123779,6024800
280.259521,5012400
285.72402999999997,4167900
288.822418,4710800
288.837372,4037600
282.939484,4472400
282.605713,3174900
280.329254,2710500
282.79003900000004,3397200
281.893402,3856100
286.406464,5057800
289.823669,3323300
288.922058,2387800
293.28070099999997,4709200
295.118835,4339700
291.382813,3443000
293.993042,3860500
287.073975,7024700
282.501129,4636800
285.006714,3966700
287.108856,2936100
288.13501,3372700
287.41272000000004,3107900
291.975616,9384300
303.243378,12975800
299.118835,7150000
306.351715,4033800
303.0242,3659600
306.351715,3382900
308.28945899999997,7125900
316.837402,4389700
312.95697,3745100
317.460083,3702900
311.587097,3970100
318.805054,3808300
318.610779,3578000
319.696686,3978300
318.331818,2654200
321.051605,2148500
318.102661,2879800
322.50119,6560200
328.394104,7350800
333.888489,4839400
332.508667,3448200
335.801331,4371600
336.48877000000005,3529300
335.298218,4461000
332.44390899999996,3832600
335.87606800000003,3581700
336.53857400000004,2863800
330.257111,5246900
331.25836200000003,4132600
337.420258,6002900
340.842438,3265900
340.7229,4270000
340.996857,3793200
338.730347,3429100
341.69921899999997,6109700
348.69302400000004,6490100
353.554779,5139100
347.67681899999997,3761500
343.417786,5304300
345.250916,5337900
353.475098,5256500
352.73287999999997,3027800
352.568481,4149000
357.410339,6219700
360.88232400000004,5836500
364.737885,12765800
364.135132,7154200
375.118958,12162400
373.52493300000003,11388200
378.55609100000004,7891600
375.666901,5587700
378.107758,6359700
381.171265,5601200
376.448975,4433100
379.950836,4926700
383.91598500000003,5492200
379.07913199999996,3931800
378.41659500000003,6028900
369.54486099999997,4095000
375.04425,4785600
374.52121,4826400
369.584717,6060700
368.683075,4131800
370.58596800000004,4602900
376.35931400000004,24977900
351.472595,23050400
339.233459,8141500
334.750275,5855000
342.11764500000004,5011600
338.730347,4820100
336.986877,3916200
338.660614,3085400
338.481293,4115500
346.097748,4666100
340.971954,3283900
341.46011400000003,3177300
336.239685,4481200
333.848663,5213300
326.102692,6251500
330.63568100000003,2822300
330.262085,3200200
329.096466,3349200
323.786377,3711500
321.788849,6902000
326.62573199999997,4754100
333.50494399999997,4192900
333.245911,4240200
333.73407000000003,1851800
331.975677,4425700
328.85238599999997,5036100
332.757751,6106700
342.605835,5573700
344.364227,6350800
349.808838,4401300
346.202362,3998200
344.78268399999996,3738700
342.511169,2935500
346.202362,3852900
341.415283,2743600
343.71167,5395200
348.309448,4870100
356.623291,6915500
348.27957200000003,4276100
351.432739,6093400
356.96200600000003,6032300
359.009338,3851500
360.27957200000003,3326400
355.65191699999997,7078300
355.920929,1688000
352.71295200000003,2373500
352.24969500000003,3307000
349.534851,2814500
348.69302400000004,4009600
358.36676,5101500
361.111481,4653700
363.308228,5547600
366.351837,3323800
366.396667,3364700
364.767761,4064500
370.028046,3685000
369.614594,2579900
367.12393199999997,5749200
358.32193,7884700
359.851196,4061900
357.514954,4439500
353.853668,6477700
351.014313,7613100
366.620819,11862400
369.236023,6790600
373.983215,4468400
374.476379,3266300
371.980713,3507200
375.462677,3478900
373.853699,3280500
377.684357,7520100
382.41162099999997,6103700
379.14389,3755300
378.11773700000003,4171700
383.412872,5701600
388.608398,6062700
387.746643,4351800
389.415375,3731900
388.608398,2405200
388.409149,3483500
392.229828,5480000
396.50878900000004,5885500
401.146393,5549000
397.51004,7039000
398.137695,4123100
399.652008,4625000
396.015625,4421500
395.916016,4067300
399.05426,4548500
397.4104,4367000
401.146393,5571900
412.917297,8118400
418.944702,5767400
415.472717,4120700
415.69189500000005,5845600
414.292145,3201200
413.803955,4031600
412.404205,3294800
411.950897,3314700
407.721771,6222500
400.996979,3690300
404.105316,4212000
406.889862,2938500
404.130219,2966200
405.848785,2987400
404.68814100000003,3436800
405.23111,2392600
401.833832,4342500
400.493866,4592600
396.02063,3628100
400.767822,4098200
405.211182,3489900
400.623352,4913400
391.562317,6893400
387.92099,5685300
386.302032,4330700
389.998199,3971900
394.95959500000004,4072500
394.51626600000003,3285500
391.507538,4924500
391.826324,3496900
391.906036,4089100
391.20864900000004,6669800
383.14389,11649800
398.80517599999996,5788300
399.004425,4601600
402.546173,3671800
406.600952,3999200
402.292114,4993900
400.125244,4618800
407.970825,4630600
410.092865,2920800
408.518768,4051600
416.917297,5044000
422.546204,4298500
429.893646,3932600
426.89987199999996,4955000
433.794037,4417600
436.020691,3809500
437.804016,2907700
437.111603,3170300
446.078003,8001600
457.78411900000003,6443200
453.310883,5604800
450.810242,4562300
452.31460599999997,3980700
449.594818,5140300
436.86251799999997,4567200
435.99578899999995,4610700
440.10040300000003,4531900
436.21994000000007,4041800
433.335754,4257200
432.439117,3953500
434.869995,4969900
432.304626,3751100
429.644592,4229300
430.536255,5177400
433.584808,5369200
439.40301500000004,4693000
440.33450300000004,3528300
441.076721,4426100
432.86749299999997,4155200
438.40673799999996,4506700
437.973358,4308500
442.665771,4350000
449.002045,5853600
445.32580599999994,6769200
442.51135300000004,7994300
434.31210300000004,6056300
436.992035,5125500
435.24359100000004,3676400
437.75918600000006,3867300
435.816467,4716100
441.56988499999994,3462400
443.43789699999996,3797000
438.30712900000003,2101700
443.34323099999995,3416500
447.92605599999996,3953700
453.799042,3973500
450.038147,3429500
454.79531900000006,5187700
458.282257,5155600
460.424225,3935600
461.833923,3980700
458.780365,3023400
457.77914400000003,7296100
441.64959699999997,14773700
449.31585700000005,5828100
453.64959699999997,4106600
451.93603499999995,4172500
445.26602199999996,6024600
441.838867,3568600
440.797791,3797800
441.076721,3524300
444.827667,4363200
445.828918,4292700
450.03317300000003,3440600
451.00451699999996,2629100
450.65582300000005,3023400
445.848846,2768600
446.07299800000004,2987000
443.617218,2657200
441.794037,2764200
441.75918600000006,2850200
437.544983,4179900
430.60598799999997,3752300
429.03189100000003,3362700
427.25354000000004,3635300
432.55368,2475100
433.69940199999996,3527700
434.720551,1746200
437.27597000000003,2162200
433.37560999999994,2112800
428.204987,3481100
423.53747599999997,2669700
422.94967699999995,2968000
426.282196,3737100
425.584808,4110400
428.568634,4097600
435.11908,2592100
439.572388,3134800
440.214966,2478300
443.34823600000004,2584700
442.610992,3233200
447.024445,2199100
445.57986500000004,2660600
446.426697,2682900
442.048096,2528200
441.52008099999995,3883800
451.30340599999994,3207600
447.517609,8723000
446.40176399999996,3568000
441.594788,2984600
441.61969000000005,3310200
437.51010099999996,2529200
435.77661100000006,2527000
432.917328,3457600
438.481476,3382100
439.71682699999997,3001700
442.34198,4249800
435.866272,2726100
432.105377,2596800
431.044342,3901800
426.541229,5322400
430.30709800000005,4527400
431.39800999999994,2828300
431.711853,2496400
436.24484299999995,3195600
441.280975,4030200
444.827667,8545000
486.466614,23219400
503.841492,7283700
500.62353499999995,4433700
498.631012,5346300
514.008362,4199700
512.489075,4076100
505.70449800000006,2326000
507.647217,3222000
516.778015,2658000
512.5438839999999,3292200
513.9685059999999,2576100
513.824036,2286000
508.269867,2371500
510.885071,1832600
509.39565999999996,3371700
502.49154699999997,2591100
502.870117,2233500
501.96850599999993,2445200
501.49527,3170500
515.029541,2342100
515.502747,2562100
515.941101,3532500
513.9336549999999,2271600
513.051941,1934500
511.58245800000003,2191700
514.7804570000001,2517700
516.643494,3238000
522.342163,4589600
529.0320429999999,2255500
529.0968019999999,2394400
529.769287,2756600
523.512756,3364700
523.721985,2392000
526.6260990000001,2275800
532.897583,2868200
533.4953,2976200
536.0656740000001,3721600
541.669678,3436400
537.769287,3204800
535.692078,4340900
530.013367,3216000
534.406921,3082800
533.9237059999999,4437100
538.367065,3343800
542.117981,6547600
551.851501,3456000
555.4031980000001,1473800
554.924988,2685500
557.908813,3151100
558.0781860000001,2481300
554.043335,2725900
555.647278,3656400
555.418152,3345800
554.42688,3551800
560.399475,5124300
570.860291,4501700
569.585083,4184500
567.413208,4302900
561.131714,4855800
566.850281,4983700
574.342224,3915000
572.40448,3380300
576.2650150000001,5422800
578.297424,3974500
581.12677,3154500
577.8341059999999,3912700
573.355896,7814000
560.947449,8739800
553.086914,4436900
557.470459,4777500
570.362122,10220800
583.487915,11174200
587.398315,9172400
566.870239,5644800
569.555176,4806800
573.41571,3907600
581.6348879999999,5292000
583.712097,3904800
587.88147,4116900
592.2799679999999,3461800
588.17041,3686400
595.572632,4389700
598.461792,4233500
600.399536,4222900
599.323608,3414300
601.649841,3738500
600.429443,3361100
605.699707,2888100
609.714661,3979100
606.920105,2529400
607.891479,4644500
601.1218259999999,4225300
605.231445,2946300
605.256348,2479700
608.857849,2545600
611.1094360000001,3041500
605.5751339999999,2438200
604.618713,3438800
595.966187,3943200
601.719604,4708600
588.788086,4604900
587.423218,4340300
595.104431,3643500
603.63739,3237800
597.734558,3381900
600.902649,6441000
589.883972,6096800
580.822937,4838400
578.835388,5179200
566.444824,13100
559.663452,41200
565.337891,10800
557.180237,7900
598.347229,147100
568.289734,5099100
573.076599,6369300
539.25946,4401600
541.11438,3151200
558.0877690000001,3330800
563.4530639999999,4036800
531.091858,3924800
536.776306,2575000
535.35022,3855000
541.513306,4893200
547.3073730000001,6809500
534.632141,2566700
527.192566,2365300
532.328491,2052300
528.618652,1883100
521.0794070000001,2100300
515.763977,3335500
515.484741,2699000
526.1554570000001,1751100
525.666809,1905500
532.298584,1688500
523.383057,1024100
523.791931,1689000
514.377747,3224300
507.067841,2021300
509.351563,2439400
522.07666,1912500
529.436462,1653400
531.540649,1191700
524.26062,1704300
519.962463,1485200
518.2771,1277700
528.289551,1784700
531.440918,1196200
539.648376,1615800
545.7615969999999,1932100
554.477661,2104100
563.024231,1652000
561.807556,1354100
559.2645259999999,1771100
559.164795,1435000
549.4813839999999,1866600
540.017395,1816400
544.903992,1689100
556.5320429999999,1736700
555.624512,1467500
558.975342,1351700
556.472229,1100100
555.774109,1458400
550.747925,1220500
547.756165,1702500
542.709961,1444500
543.368164,1741700
552.722473,2456800
555.325378,4508300
553.630005,1536800
563.642517,2207100
563.712341,1969300
579.4092410000001,1741900
575.5996700000001,2236900
577.0756230000001,1313700
576.736572,1447900
581.752808,1056300
581.752808,714100
582.161682,1064600
576.0783690000001,1909500
570.0150150000001,1116700
564.3605349999999,1356700
570.344116,1621700
581.004822,1854000
584.13623,1623000
586.390076,1397100
577.9432370000001,3016500
591.376404,4014100
590.129822,2062100
589.1026,1699100
591.605774,1233100
594.816956,1035100
588.783508,932400
586.4599,986800
587.138,1349800
584.944031,1016400
579.010315,2102700
568.838257,1955200
567.481995,1427300
568.489197,1551200
560.241882,1334300
566.444824,1110900
562.016968,1494700
568.429382,1214700
562.974365,1542000
565.756714,1439200
574.602417,985400
576.277832,1519100
574.532593,1284100
583.398254,978600
584.275879,1036700
582.221497,914800
581.992126,789000
583.1190190000001,1361400
579.668518,1639600
575.6894530000001,1703300
568.000549,1292900
569.7656860000001,1083700
570.2843019999999,1578400
578.4119870000001,1215100
578.4119870000001,1458100
582.381042,1632300
584.993896,1431000
587.287598,1287200
579.907837,977300
578.770996,1221000
579.4092410000001,1601600
571.371277,1597500
571.191772,1480300
578.4219360000001,1692800
585.392822,1444500
589.880493,3736600
592.194153,1689500
585.243225,1471400
579.867981,1728100
585.941284,1925900
574.482788,1443600
570.18457,1282400
575.350403,1621700
574.432922,1445400
565.756714,1178400
571.481018,1141700
577.215271,1214600
572.8273320000001,1911300
564.021484,1990800
569.616089,2524800
556.192993,3081900
543.497803,2581600
537.4245,2222500
529.556091,3719300
517.578979,3708500
525.806396,5539300
508.05514500000004,2607500
523.7520139999999,2336200
528.439148,2919200
537.843323,2348800
542.869568,1973100
535.559631,1185300
541.513306,1270900
548.4940799999999,1770500
547.44696,1455600
557.8184809999999,2035000
553.979065,1382200
551.485901,1244200
555.2755129999999,2032200
544.006409,1333200
544.714478,1633700
539.977478,1134600
546.9882200000001,965500
548.883057,1129600
548.294678,1339300
545.183228,1289500
542.091675,1726000
536.02832,1962600
533.5351559999999,1392200
529.795471,1563300
540.127075,2224200
536.177917,1706300
537.524231,1789900
539.399109,1522900
539.139771,1148300
537.4245,2115300
532.049255,1526600
529.984924,1277900
529.705688,1392100
529.5461429999999,2565600
525.6867070000001,2329300
520.710388,1871300
531.620422,1712200
526.354919,1610800
522.07666,1994500
521.308777,2813400
510.159363,3964200
495.639221,2883100
511.545563,2926700
510.109497,3690200
514.6669919999999,2723700
525.557068,2197600
529.057495,705900
527.322266,1040500
530.732849,2278500
526.644104,876200
529.795471,1368200
527.561584,1447500
521.8273320000001,2059800
513.589966,2899900
505.61184699999995,2065000
496.62652599999996,3353500
503.377991,2071300
493.584869,2326700
497.47418200000004,2370400
493.295654,2235700
504.18575999999996,2715800
498.64099100000004,2298200
509.600891,2232000
505.861145,2268700
520.052185,2676900
534.123535,2281700
537.055542,1543700
528.518921,1904000
521.3486330000001,1683800
509.600891,4186300
514.447571,5606300
530.274109,2849800
526.554321,2038600
527.7909549999999,1663600
522.355896,1849700
526.1953129999999,1763500
526.554321,1267700
527.850769,1749800
533.834351,1377700
535.778992,1620200
541.862305,1900300
545.332764,1616800
539.917664,1453000
536.566833,989100
541.642944,1444300
534.582275,1457800
528.5488889999999,1005000
534.432739,1825900
541.722717,2311500
552.722473,2410100
558.9953,2129600
568.8881230000001,1704700
570.30426,1876800
573.445618,1389600
573.305969,1659100
565.307922,1062100
562.7050780000001,1792300
553.620056,1820700
551.994507,1389600
551.9844969999999,1703500
549.4415280000001,1640900
550.199402,1805500
550.987244,2134500
557.8583980000001,1197200
560.112183,2616800
558.895569,1643800
561.019714,2583200
568.937988,2152200
556.063354,1572600
551.485901,1897400
550.10968,1287500
548.4940799999999,1588000
547.097961,1963000
539.369141,1716300
530.762817,1324400
536.60675,1302800
536.905945,1178500
539.548645,1557800
540.805237,1409400
536.935852,1645300
534.781738,2604100
527.252441,2318800
528.449158,1299800
527.212524,2151800
524.160889,1679200
536.03833,1844700
532.936829,1593500
539.518738,4184800
564.5500490000001,4932500
563.3900150000001,2398000
554.6400150000001,1491000
550.469971,1698800
547.869995,2082200
538.429993,1768200
538.530029,1308000
538.210022,1383100
531.23999,1567000
523.98999,1546300
536.650024,1527600
538.369995,905300
531.599976,1634200
530.5599980000001,1252300
533.77002,1403900
539.179993,1971300
532.01001,2003400
533.97998,1966900
538.48999,1430800
537.950012,1462700
540.150024,1176200
538.119995,2406500
532.799988,1525000
538.01001,1029800
537.369995,2597400
536.789978,1904300
532.929993,1939000
539.909973,1717000
537.76001,1348300
536.349976,1388200
533.3099980000001,1520600
527.5599980000001,1455300
529.3599849999999,1815000
538.424988,1217500
531.599976,955800
528.0,1632700
528.400024,1071800
529.369995,1294200
531.0,1833100
537.210022,1893500
539.590027,1250300
539.6400150000001,1197500
540.0,1286600
538.869995,1335700
537.26001,2109100
525.01001,1937800
526.02002,2217200
524.72998,1961000
521.080017,1235900
519.5,1280500
523.130005,1597200
521.049988,1296700
523.119995,1842300
526.289978,1956700
532.880005,2206500
546.76001,3244100
560.130005,1784600
565.119995,4768300
649.0,11164900
659.23999,5860900
655.210022,3377200
660.8900150000001,3929300
661.27002,3029100
647.0,3625700
621.0,2675400
632.830017,1727300
628.799988,1575100
630.0,1474200
631.380005,1706100
625.340027,1304500
628.419983,1490900
634.330017,2334300
645.0,1572600
640.22998,1403900
639.47998,1809200
669.200012,5029200
663.080017,2936700
659.322021,1810700
655.01001,1072100
656.799988,1051700
661.900024,1456100
656.599976,2134100
655.460022,2855300
639.780029,4265200
573.0,5770300
614.909973,3538000
610.349976,4235900
639.400024,3491300
632.820007,1978700
627.539978,2176700
602.3599849999999,3702100
605.590027,2575600
617.0,1759600
600.0,2089000
612.48999,2279500
621.219971,1702100
613.099976,1905300
619.75,1373500
625.700012,1702300
626.700012,2084400
635.469971,1286500
637.789978,2274700
636.789978,5133400
634.400024,1788500
627.0,2562900
622.049988,1470900
616.6400150000001,2240100
629.77002,2174000
610.340027,3127700
597.280029,2309500
603.280029,2413400
608.369995,1867600
607.200012,2684800
632.0,1803600
638.840027,2166300
649.23999,2092700
641.3599849999999,2182100
640.0,1648700
642.090027,1275200
643.150024,1807700
653.210022,1415500
654.659973,1885700
664.1099849999999,1611100
661.179993,1477300
664.039978,2498200
654.150024,1791100
646.700012,4071000
727.5,6653900
701.549988,2716600
707.380005,2245800
707.330017,2178900
710.5,1456000
715.72998,1908800
711.0599980000001,1886300
718.8599849999999,1565400
722.0,1706700
729.469971,1861600
731.5,1511600
730.200012,2069800
724.400024,1608000
732.460022,1366400
731.0,1837200
729.169983,2075500
715.599976,1905900
729.289978,1510900
727.580017,1684300
738.73999,1327100
746.530029,2212300
757.450012,1414500
752.0,2333100
748.1400150000001,1122100
748.460022,838500
748.8099980000001,2097600
747.1099849999999,2134600
768.900024,2230400
766.01001,2590600
753.099976,2757300
767.77002,1812300
757.8900150000001,1829500
759.169983,2700000
752.849976,1988400
741.159973,2224400
741.789978,2412500
753.0,2666200
750.0,1993300
762.419983,1553400
746.51001,3148700
746.130005,1525700
751.650024,1365400
753.469971,1565900
749.549988,527200
752.919983,1515300
766.6900019999999,1765000
776.599976,1293300
769.5,1500900
743.0,3272800
746.450012,1950700
730.0,1947000
730.3099980000001,2963700
731.450012,2450900
716.6099849999999,2090600
721.679993,2024500
730.849976,2501700
705.380005,2225800
692.289978,3608100
703.299988,2268100
688.6099849999999,3445000
702.179993,2412200
723.599976,2011800
723.580017,1711700
713.849976,1331700
713.669983,2194200
722.219971,2676400
731.530029,3474300
750.460022,5139200
784.5,6348100
770.219971,6171000
722.8099980000001,5168700
703.869995,5105700
667.849976,4247400
672.320007,3608900
686.8599849999999,2638000
675.0,3024000
690.26001,2141400
692.97998,2520000
698.090027,2492600
710.0,1883200
695.030029,1589300
707.450012,1949800
701.450012,2009300
688.919983,1963600
700.01001,1642200
708.580017,2243500
700.320007,2481100
703.619995,2151400
719.0,1629000
718.679993,1958000
714.98999,1972100
706.900024,2985100
688.590027,2076300
698.469971,1421500
708.119995,2833500
720.0,1970800
726.8099980000001,1718300
726.919983,1721000
726.369995,1624400
736.450012,1860800
741.8599849999999,2980700
736.5,1836500
737.460022,1269700
742.3599849999999,1432100
732.01001,1594900
736.789978,1301300
734.590027,1903800
750.099976,1782400
749.25,1718800
738.599976,1576700
750.0599980000001,1134200
738.0,1132300
735.77002,1053700
745.369995,1453200
743.969971,1290800
743.02002,1220100
738.0,1353000
749.159973,1707100
754.01001,1135300
753.97998,1809300
760.460022,1558800
769.51001,2030500
758.0,1529200
755.380005,3060500
726.299988,5951900
716.099976,1959200
725.419983,2744600
707.289978,3098600
708.26001,2867300
690.700012,2487700
697.630005,1645300
696.869995,1543800
690.48999,1693500
697.700012,1683500
698.380005,1829300
712.0,1510300
716.75,1569600
723.409973,1692100
717.0599980000001,1360700
711.929993,1314500
709.130005,1317100
715.98999,2001200
703.669983,1766800
702.3599849999999,1670200
701.619995,1828400
706.530029,1330700
706.8599849999999,1929500
720.76001,1629200
722.869995,1576300
724.01001,1975000
731.73999,2129500
734.530029,1253600
732.5,1341800
729.27002,1226300
724.909973,1565300
719.840027,1336200
723.960022,1583700
722.869995,988900
719.469971,1216400
716.51001,1258900
716.47998,1306100
719.0,1214500
714.909973,1982500
708.650024,3402400
698.77002,2082500
698.400024,1465600
699.0599980000001,1184300
697.450012,2171400
675.169983,4449000
671.0,2629000
678.969971,2173800
683.0,1932600
685.469971,1597700
692.200012,1344700
696.0599980000001,1462600
689.97998,1411900
698.080017,1304200
699.5,1575200
708.049988,1111800
719.119995,1336900
723.619995,935900
721.580017,950200
725.72998,1279300
722.710022,1295500
729.8900150000001,1227500
737.330017,1289700
740.3599849999999,1026300
741.8599849999999,1259800
740.669983,1032400
739.039978,1186700
738.280029,1512500
747.039978,3530200
772.710022,3841500
761.090027,2700500
768.6900019999999,1784500
767.179993,1287400
772.219971,1140300
773.780029,1801200
782.0,1107900
781.099976,1318900
783.75,786400
785.0,975100
781.5,740500
783.75,938200
780.299988,1028000
777.320007,924200
780.01001,719400
775.0,861500
773.27002,951400
775.47998,928200
770.580017,1072000
767.0,926900
769.0,1166700
768.73999,847600
769.330017,1130000
767.01001,1248600
769.25,925100
773.01001,1072700
773.450012,1442800
780.0,893700
778.590027,1270300
770.099976,1885500
755.130005,1311000
764.47998,1395000
759.6099849999999,1087400
762.8900150000001,1305100
769.75,2049300
772.419983,1172800
769.0,978600
772.659973,1167800
780.0,1486200
786.590027,1411900
782.73999,1533200
775.5,1153200
777.849976,1109800
781.4400019999999,1314700
776.330017,1585300
774.25,1278800
776.030029,1201400
779.3099980000001,1461200
779.0,1070700
779.659973,933200
777.710022,1174900
786.659973,1372500
783.76001,937400
781.219971,1365300
781.650024,852500
779.799988,1093000
787.849976,2056900
798.23999,1766800
803.299988,1757500
795.0,1266200
804.900024,1697500
816.679993,1576400
806.340027,1647700
801.0,2749200
808.349976,4269900
795.469971,2427300
782.8900150000001,2406400
778.200012,1872400
767.25,1943200
750.659973,2134800
774.5,1585100
783.400024,1366900
779.9400019999999,2607100
791.169983,4745200
756.539978,2431800
755.599976,3654400
746.969971,2384000
755.200012,1472600
766.919983,1304000
771.369995,1547100
762.6099849999999,1330600
772.630005,1593100
767.72998,1478400
764.26001,587400
760.0,2188200
771.530029,1616600
770.070007,2392900
757.4400019999999,3017900
744.590027,1452500
757.710022,1394200
764.72998,1690700
761.0,1761000
772.47998,1488100
780.0,1821900
785.039978,2104100
793.900024,2145200
797.400024,1704200
797.340027,1626500
800.400024,2443800
790.219971,1232100
796.76001,951000
795.840027,1211300
792.3599849999999,972200
790.900024,623400
790.679993,789100
793.700012,1153800
783.330017,744300
782.75,1770000
778.8099980000001,1657300
788.3599849999999,1073000
786.080017,1335200
795.26001,1640200
806.400024,1274600
807.8599849999999,1176800
805.0,1065900
807.1400150000001,1353100
807.47998,1099200
807.080017,1362100
805.8099980000001,1294400
805.119995,919300
806.909973,1670000
807.25,1963600
822.299988,1474000
829.619995,1494500
837.8099980000001,2973900
834.710022,2965800
814.659973,3246600
796.8599849999999,2160600
799.679993,2029700
793.799988,1532100
802.98999,1463400
799.700012,1184500
803.98999,1241200
807.0,1155300
809.51001,989700
811.700012,1135000
816.0,1213300
819.0,1054700
819.3599849999999,1313600
819.929993,1287600
823.02002,1611000
828.659973,1262300
828.659973,982900
830.119995,1472800
827.72998,1392200
824.549988,1101500
825.6099849999999,2260800
828.849976,1496500
833.849976,942500
830.5599980000001,896400
826.950012,1109000
827.400024,1037600
833.51001,989800
836.0,1261500
843.2800289999999,1704000
844.0,1223600
843.6400150000001,779900
847.590027,1381500
849.0300289999999,977600
851.6099849999999,1712300
850.01001,1231500
851.400024,2463500
831.909973,1401500
821.0,3487100
820.080017,1981000
806.950012,1894300
820.409973,1620500
825.0,1786300
833.5,1055300
828.969971,1401900
829.219971,1671500
831.3599849999999,1045400
835.51001,1555300
832.400024,1254400
827.960022,1057300
825.3900150000001,978900
824.710022,1079700
821.929993,900500
822.1400150000001,1122400
825.01001,895000
834.219971,836700
839.7899779999999,954200
841.4400019999999,959000
842.8800050000001,1323600
851.2000119999999,1372500
865.0,1672000
874.2299800000001,1237200
873.599976,2026800
910.659973,3276300
901.9400019999999,2116000
909.6199949999999,1587200
914.8599849999999,1499500
926.070007,1422100
933.5399779999999,1911300
926.1199949999999,1329800
936.9500119999999,1581800
931.9799800000001,1173900
925.320007,835000
931.5300289999999,1050600
932.9500119999999,1108100
940.0,969500
935.669983,2362100
921.0,1596900
931.4699710000001,1393000
935.0,1120400
947.919983,1270800
952.9799800000001,1024800
957.330017,1660500
969.7000119999999,1252000
970.3099980000001,1466700
975.0200199999999,2448100
968.9500119999999,1410500
969.4600220000001,1751000
976.5499880000001,1252100
983.159973,1814600
980.0,1453900
982.349976,1481900
984.5,3309400
939.5599980000001,3763500
951.909973,2013300
959.919983,1489700
933.9699710000001,2133100
940.0,3094700
949.9600220000001,1533300
957.5200199999999,1126000
953.6400150000001,1202200
958.7000119999999,941400
956.830017,1527900
969.900024,1598400
942.4600220000001,2579900
929.0,2721400
929.919983,3299200
926.0499880000001,2090200
912.179993,1709800
901.76001,1813900
904.1199949999999,1424500
908.849976,1637800
921.7700199999999,1192800
929.5399779999999,1113200
938.679993,1532100
946.2899779999999,1294700
952.0,1053800
957.0,1165500
953.0,1154000
967.840027,1224500
975.0,1624500
962.25,1711000
972.2199710000001,3248300
953.8099980000001,4661000
954.679993,2088300
951.7800289999999,3213000
929.400024,1846400
941.8900150000001,1970100
932.3800050000001,1277700
928.6099849999999,1824400
930.340027,1202500
926.75,1082300
929.0599980000001,1032200
927.090027,1061600
920.6099849999999,1192100
917.5499880000001,1824000
907.9699710000001,1206800
922.5300289999999,1064500
924.2299800000001,883400
925.2899779999999,1006700
925.7800289999999,1277200
910.3099980000001,1342700
910.0,943400
912.7199710000001,1166700
921.929993,1090200
928.659973,1270300
923.48999,1053400
916.0,1086500
905.099976,1185600
920.0499880000001,1301200
931.76001,1582600
941.1300050000001,947400
933.080017,1326400
930.150024,1527700
931.7299800000001,1212700
936.48999,1011500
934.25,1267000
932.590027,1134400
930.659973,1102600
931.25,1397600
924.659973,2505400
920.01001,1306900
917.419983,936700
922.9799800000001,1669800
933.0,1290600
927.75,1052700
925.4500119999999,1856800
923.7199710000001,1666900
927.73999,2239400
941.3599849999999,1020300
952.0,1581000
959.9799800000001,1283400
954.0,888300
957.0,952400
955.48999,1213800
966.7000119999999,1173900
980.0,891400
980.0,968400
973.7199710000001,1693300
987.4500119999999,1262400
992.0,1169800
992.099976,910500
990.2899779999999,1290200
991.7700199999999,1057600
986.0,1313600
989.4400019999999,1183200
989.5200199999999,1478400
970.0,1212200
968.3699949999999,1211300
980.0,2042100
1009.1900019999999,5167700
1014.0,2085100
1015.2199710000001,1330700
1017.2100220000001,1373400
1021.76001,1049000
1022.1099849999999,1076400
1028.98999,1125200
1027.27002,1112300
1030.52002,1088700
1033.98999,1245200
1026.459961,720000
1023.419983,885800
1022.590027,959200
1019.2100220000001,854000
1022.5200199999999,1129700
1034.01001,1397100
1020.26001,953500
1023.3099980000001,1097000
1035.0,746300
1035.869995,537000
1040.0,1307900
1055.089966,1424400
1042.680054,2459400
1022.3699949999999,1724000
1015.7999880000001,1909600
1012.659973,1906400
995.9400019999999,2067300
1001.5,1272000
1020.429993,1458200
1037.48999,1290800
1035.5,1192800
1039.630005,1279500
1046.119995,1282700
1045.0,1558700
1054.609985,3275900
1066.079956,1554600
1075.199951,1338700
1071.780029,1268600
1064.949951,995700
1061.109985,755100
1058.069946,760600
1057.390015,1271900
1051.599976,837100
1046.719971,887500
1048.339966,1237600
1064.310059,1430200
1088.0,1004600
1094.0,1279100
1102.22998,1047600
1109.400024,902500
1097.099976,1042800
1106.300049,978300
1102.410034,1720500
1132.51001,1575300
1126.219971,1202600
1131.410034,1198200
1131.829956,1778200
1137.48999,1618000
1159.849976,1333100
1177.329956,1416600
1172.530029,1480500
1175.079956,2018800
1176.47998,1378900
1167.829956,1556300
1170.569946,1538700
1162.609985,2412100
1122.0,4857900
1090.599976,3798300
1027.180054,3448000
1081.540039,2369200
1055.410034,2859100
1017.25,3505900
1048.0,2057700
1045.0,1265100
1048.949951,1555800
1079.069946,1843400
1088.410034,1679500
1090.569946,1423100
1106.469971,1512900
1116.189941,1317200
1112.640015,1261000
1127.800049,1559100
1141.23999,1774100
1123.030029,1882600
1107.869995,2515900
1053.079956,2271600
1075.140015,1202200
1099.219971,1532800
1089.189941,1292500
1115.319946,1355100
1136.0,2128000
1163.849976,2172300
1170.0,1907200
1145.209961,1291400
1149.959961,1395400
1154.140015,3092000
1120.01001,2805900
1099.0,1831900
1092.73999,1878900
1081.880005,2667000
1047.030029,2156700
1046.0,2665100
1063.0,3095300
998.0,3369300
1011.6300050000001,2726800
1022.820007,2680400
1013.909973,2275100
993.409973,2484700
1041.329956,1363000
1020.0,1746400
1016.7999880000001,1751600
1026.439941,1974500
1027.98999,1483900
1025.040039,1357000
1040.880005,1223000
1037.0,1211200
1051.369995,2320300
1077.430054,1344100
1069.400024,1747700
1082.0,1889700
1077.859985,2341300
1052.0,4760300
1025.52002,2391100
1029.51001,2079500
1046.0,1619800
1030.01001,1671300
1013.659973,1427900
1028.099976,1603100
1019.0,1815100
1016.900024,1938700
1049.22998,1466100
1058.540039,1217700
1058.099976,2032800
1086.030029,1443000
1093.599976,1253700
1100.0,1518100
1090.0,1494900
1077.310059,1097300
1079.890015,1043800
1061.859985,1565200
1074.060059,1023200
1083.560059,1090000
1065.130005,1060700
1079.0,766800
1079.02002,899400
1064.890015,1865100
1063.030029,1138500
1067.560059,3088300
1099.349976,2421600
1122.329956,1889600
1140.98999,1678000
1142.170044,1698200
1131.319946,1520000
1118.180054,1290800
1118.599976,1079300
1131.069946,912000
1141.119995,1506400
1143.849976,1343400
1148.859985,2122500
1143.650024,1413700
1158.5,1621000
1175.310059,1648500
1174.849976,1238100
1159.140015,1311000
1143.599976,2157300
1128.0,1563200
1121.339966,1293900
1102.089966,1072400
1120.0,1315100
1099.0,1217300
1135.819946,679000
1110.530029,1066700
1123.579956,996100
1148.47998,909000
1156.97998,798400
1144.589966,1120000
1159.890015,1251900
1185.0,1221900
1189.390015,1055700
1172.219971,1610400
1196.560059,1393600
1191.0,1276700
1186.959961,1247400
1181.01001,2619200
1262.589966,3318200
1239.130005,2127800
1251.0,2405600
1271.0,2130600
1228.01001,1849900
1220.01001,1644700
1228.0,1567200
1205.900024,1531300
1229.619995,1089600
1225.0,1081700
1237.0,1494000
1240.469971,1370300
1249.900024,848600
1243.0,1108700
1236.97998,997300
1235.189941,1348100
1229.26001,1828800
1224.72998,1343200
1202.030029,1389600
1205.02002,870800
1208.0,1205600
1200.0,887400
1207.140015,992600
1208.819946,946600
1227.599976,1156300
1241.290039,1304000
1237.449951,1298900
1244.22998,1331400
1234.97998,1816400
1204.27002,1831000
1193.800049,2061300
1186.300049,1888500
1158.670044,1401300
1172.189941,1115400
1161.630005,1209300
1172.719971,1295500
1170.73999,1431200
1179.099976,944000
1170.140015,1306500
1157.089966,1203600
1164.97998,1191400
1179.98999,1225400
1192.0,4405600
1157.170044,1271000
1176.150024,977700
1185.150024,1462300
1186.72998,1260800
1191.869995,1380600
1199.890015,1357600
1190.959961,1687900
1205.0,1256200
1195.329956,2209500
1167.5,1184300
1150.109985,1932400
1146.150024,1308700
1131.079956,2675700
1072.939941,2949000
1108.0,2101300
1108.910034,1372400
1104.589966,1928500
1126.459961,1467200
1121.839966,2094500
1093.369995,1267600
1103.060059,1514200
1080.890015,1848700
1104.25,1982400
1071.790039,2545800
1037.030029,4187600
1082.469971,3880700
1008.4600220000001,3212700
1059.810059,2529800
1075.800049,1482000
1073.72998,1839000
1055.0,2441400
1039.47998,1233300
1069.0,2058400
1091.380005,1488200
1073.98999,1343200
1061.390015,1471800
1043.290039,1513700
1050.0,1565900
1044.709961,1836100
1059.410034,1658100
1057.199951,1858600
1000.0,2449100
1036.76001,1534300
1030.0,691500
1038.349976,1942800
1041.0,1803200
1048.76001,2475400
1076.079956,1468900
1089.069946,2580200
1123.140015,1991200
1103.119995,2345200
1034.26001,2769200
1060.01001,2101200
1035.050049,1807700
1056.48999,1394700
1068.0,1523800
1068.069946,1329800
1049.97998,1686600
1037.51001,2385400
1026.089966,2192500
1033.98999,2479300
1018.1300050000001,2673500
1015.2999880000001,4596000
973.900024,1590300
989.01001,2373300
1017.150024,2109800
1049.619995,1414800
1050.959961,1493300
1016.570007,1532600
1041.0,1841100
1032.589966,2093900
1071.5,1981900
1076.109985,1764900
1081.650024,1199300
1067.660034,1456400
1063.180054,1520800
1046.920044,1144300
1050.170044,1463600
1080.0,1331800
1079.469971,1242700
1100.0,1955600
1088.0,1613500
1077.349976,967000
1076.47998,1361300
1085.0,1119100
1080.109985,1284300
1072.680054,1021800
1068.430054,1279800
1103.0,1538300
1112.400024,1462200
1112.660034,2576500
1124.839966,3552200
1139.569946,2105600
1104.160034,2044800
1087.0,1075800
1096.949951,1065200
1106.800049,1609100
1124.98999,1049800
1118.050049,947600
1130.079956,1449800
1110.0,1046400
1119.98999,1087800
1110.839966,1415100
1100.900024,1049500
1116.0,1413100
1105.75,1471300
1106.949951,968400
1111.300049,1542500
1124.900024,1450300
1146.98999,1446000
1150.060059,1443200
1162.48999,1099300
1155.719971,1166600
1126.72998,1212400
1144.449951,1719200
1178.26001,2013100
1200.64502,1435900
1194.51001,1172800
1193.380005,2461800
1183.300049,1292600
1188.810059,1520700
1197.349976,2227400
1216.0,1204000
1226.319946,1714200
1196.930054,1496800
1198.530029,1901200
1185.5,1400200
1171.540039,1012400
1174.900024,1269900
1184.099976,1252500
1195.319946,827900
1207.47998,1017800
1205.939941,950000
1214.98999,907200
1207.890015,860200
1196.0,876400
1200.680054,724600
1203.959961,710200
1210.0,933400
1218.0,1187400
1225.0,856300
1233.0,1221900
1239.180054,1331800
1235.98999,807300
1250.689941,1319900
1264.119995,1018800
1264.77002,1107300
1269.0,1241400
1274.0,2499400
1185.0,6207000
1188.050049,2639200
1167.76001,1944800
1173.650024,1980700
1166.26001,1563900
1180.469971,1551400
1172.01001,1309300
1159.030029,1185700
1163.589966,1314500
1141.959961,1860600
1137.209961,1836600
1117.869995,2289300
1164.51001,1531400
1168.469971,1208600
1144.5,1353300
1148.48999,1159800
1146.75,914500
1140.5,1198900
1147.359985,1112000
1134.0,1365000
1127.52002,1538200
1115.540039,951900
1101.290039,1507800
1065.5,5130600
1042.900024,2833500
1051.540039,2168400
1044.98999,1703200
1050.630005,1802400
1072.97998,1464200
1093.97998,1436700
1078.0,1061000
1083.640015,1057700
1086.420044,1111500
1086.280029,941600
1109.689941,1386700
1105.599976,1338800
1119.98999,1262000
1109.23999,1947600
1119.609985,1395600
1112.660034,1546900
1086.5,1810900
1084.0,1004300
1076.390015,1693200
1098.0,1436300
1102.23999,991600
1117.410034,767000
1117.800049,1264300
1125.170044,1235800
1111.800049,1330400
1131.219971,1209500
1143.25,1195500
1143.98999,864000
1146.859985,903800
1146.0,1238800
1150.969971,1170000
1141.73999,1291300
1148.189941,1647200
1133.449951,1301500
1144.0,1093700
1131.900024,1589800
1137.819946,2209800
1224.040039,4805800
1241.050049,2223700
1225.410034,1453300
1223.0,1725500
1214.030029,1698500
1200.73999,1645100
1170.040039,2597500
1163.310059,1709400
1156.0,1444300
1182.829956,1468000
1197.98999,1065700
1179.209961,1003000
1171.459961,1294400
1176.310059,1578700
1163.5,1218700
1179.550049,1313300
1190.089966,1231600
1195.25,915500
1193.150024,740700
1194.069946,947500
1181.98999,1687000
1157.26001,1226100
1180.530029,1077200
1161.709961,802000
1181.119995,1088400
1198.5,1129800
1177.030029,1479900
1176.709961,1068900
1191.530029,1408100
1208.130005,1072100
1204.0,1471900
1195.150024,1260100
1203.410034,1307000
1224.300049,1725900
1231.349976,1301400
1229.52002,1053300
1230.400024,955100
1227.51001,1135100
1232.060059,996000
1233.119995,2270000
1226.0,1062400
1240.0,1583200
1215.819946,1453000
1241.959961,1538000
1243.01001,1353900
1220.969971,1404100
1219.0,1273500
1196.97998,1615100
1180.0,1621200
1191.890015,1162400
